-- Volcando estructura de base de datos para control asistencia
CREATE DATABASE IF NOT EXISTS `control asistencia` /*!40100 DEFAULT CHARACTER SET utf8 */;
USE `control asistencia`;

-- Volcando estructura para tabla control asistencia.espacios_academicos
CREATE TABLE IF NOT EXISTS `espacios_academicos` (
  `id` int(10) unsigned NOT NULL AUTO_INCREMENT,
  `nombre` varchar(50) NOT NULL,
  `semestre` varchar(50) NOT NULL,
  PRIMARY KEY (`id`)
) ENGINE=InnoDB AUTO_INCREMENT=10 DEFAULT CHARSET=utf8;

-- Volcando datos para la tabla control asistencia.espacios_academicos: ~3 rows (aproximadamente)
/*!40000 ALTER TABLE `espacios_academicos` DISABLE KEYS */;
INSERT INTO `espacios_academicos` (`id`, `nombre`, `semestre`) VALUES
	(1, 'materia1', 'I'),
	(2, 'materia2', 'II'),
	(3, 'materia3', 'I');
/*!40000 ALTER TABLE `espacios_academicos` ENABLE KEYS */;

-- Volcando estructura para tabla control asistencia.estudiantes
CREATE TABLE IF NOT EXISTS `estudiantes` (
  `id` int(10) unsigned NOT NULL AUTO_INCREMENT,
  `nombres` varchar(50) NOT NULL,
  `apellidos` varchar(50) NOT NULL,
  `celular` varchar(50) NOT NULL,
  `correo_electronico` varchar(50) NOT NULL,
  `semestre` varchar(50) NOT NULL,
  PRIMARY KEY (`id`),
  UNIQUE KEY `correo_electronico` (`correo_electronico`)
) ENGINE=InnoDB AUTO_INCREMENT=48 DEFAULT CHARSET=utf8;

-- Volcando datos para la tabla control asistencia.estudiantes: ~40 rows (aproximadamente)
/*!40000 ALTER TABLE `estudiantes` DISABLE KEYS */;
INSERT INTO `estudiantes` (`id`, `nombres`, `apellidos`, `celular`, `correo_electronico`, `semestre`) VALUES
	(7, 'Milicent', 'Metcalf', '+86 895 790 3709', 'mmetcalf0@ebay.co.uk', 'I'),
	(8, 'Irv', 'Cragoe', '+55 453 361 7840', 'icragoe1@1und1.de', 'I'),
	(9, 'Gallard', 'Benza', '+351 124 382 9284', 'gbenza2@marketwatch.com', 'I'),
	(10, 'Winthrop', 'Lukins', '+976 694 430 4607', 'wlukins3@symantec.com', 'I'),
	(11, 'Reider', 'Tweddell', '+55 606 616 0900', 'rtweddell4@prweb.com', 'I'),
	(12, 'Montague', 'Dahle', '+86 291 771 2794', 'mdahle5@gov.uk', 'I'),
	(13, 'Jsandye', 'Scampion', '+86 141 847 4387', 'jscampion6@wired.com', 'I'),
	(14, 'Inger', 'McAirt', '+98 163 927 6143', 'imcairt7@istockphoto.com', 'I'),
	(15, 'Guenna', 'Zappel', '+86 158 839 9666', 'gzappel8@nature.com', 'I'),
	(16, 'Donella', 'Lynn', '+63 473 358 1064', 'dolynn9@lycos.com', 'I'),
	(17, 'Brit', 'Gellett', '+20 522 563 5354', 'bgelletta@myspace.com', 'II'),
	(18, 'Guendolen', 'Sillitoe', '+55 146 872 8999', 'gsillitoeb@yellowbook.com', 'II'),
	(19, 'Bronny', 'Hallworth', '+55 970 788 2758', 'bhallworthc@unicef.org', 'II'),
	(20, 'Edlin', 'Kausche', '+51 324 117 0547', 'ekausched@quantcast.com', 'II'),
	(21, 'Maurie', 'Bruyntjes', '+62 300 194 8016', 'mbruyntjese@addthis.com', 'II'),
	(22, 'Dyann', 'Chalmers', '+234 311 798 0916', 'dchalmersf@blogger.com', 'II'),
	(23, 'Sarena', 'Myers', '+62 679 997 0080', 'smyersg@earthlink.net', 'II'),
	(24, 'Renelle', 'Daintier', '+82 327 727 0522', 'rdaintierh@java.com', 'II'),
	(25, 'Rosalie', 'Wickersley', '+506 914 601 1445', 'rwickersleyi@apple.com', 'II'),
	(26, 'Viole', 'Mutch', '+62 732 550 6570', 'vmutchj@webs.com', 'II'),
	(27, 'Lorianna', 'Laurentin', '+46 127 775 9058', 'llaurentink@mit.edu', 'III'),
	(28, 'Doralia', 'Crosoer', '+86 733 518 4842', 'dcrosoerl@icq.com', 'III'),
	(29, 'Maressa', 'Leatt', '+353 821 867 0978', 'mleattm@usa.gov', 'III'),
	(30, 'Annabelle', 'Thibodeaux', '+62 411 396 7870', 'athibodeauxn@mac.com', 'III'),
	(31, 'Whitman', 'Bagniuk', '+7 261 259 8278', 'wbagniuko@w3.org', 'III'),
	(32, 'Karalee', 'Almey', '+62 997 783 5794', 'kalmeyp@telegraph.co.uk', 'III'),
	(33, 'Nappie', 'Janes', '+52 361 521 4473', 'njanesq@rambler.ru', 'III'),
	(34, 'Violette', 'Cutforth', '+86 400 485 6423', 'vcutforthr@statcounter.com', 'III'),
	(35, 'Franky', 'Summerskill', '+81 486 646 1896', 'fsummerskills@deviantart.com', 'III'),
	(36, 'Minette', 'De Gregario', '+7 826 163 9823', 'mdegregariot@live.com', 'III'),
	(37, 'Lezley', 'Gunningham', '+63 224 598 6489', 'lgunninghamu@gmpg.org', 'IV'),
	(38, 'Gaspar', 'Botha', '+54 410 425 8274', 'gbothav@fastcompany.com', 'IV'),
	(39, 'Sophi', 'Leahair', '+33 533 230 9882', 'sleahairw@apache.org', 'IV'),
	(40, 'Ring', 'Gosswell', '+46 804 749 8974', 'rgosswellx@vimeo.com', 'IV'),
	(41, 'Clarke', 'Brash', '+62 342 402 5265', 'cbrashy@ucoz.com', 'IV'),
	(42, 'Wadsworth', 'Connar', '+63 989 923 6867', 'wconnarz@apple.com', 'IV'),
	(43, 'Emelia', 'Raiman', '+852 435 727 0220', 'eraiman10@opera.com', 'IV'),
	(44, 'Mabelle', 'Sandiford', '+49 411 375 5226', 'msandiford11@technorati.com', 'IV'),
	(45, 'Malina', 'Dureden', '+351 850 722 0839', 'mdureden12@tiny.cc', 'IV'),
	(46, 'Jodi', 'Humble', '+504 565 356 8045', 'jhumble13@barnesandnoble.com', 'IV');
/*!40000 ALTER TABLE `estudiantes` ENABLE KEYS */;

-- Volcando estructura para tabla control asistencia.sesiones
CREATE TABLE IF NOT EXISTS `sesiones` (
  `id` int(10) unsigned NOT NULL AUTO_INCREMENT,
  `id_esp_academico` int(10) unsigned NOT NULL,
  `fecha` date NOT NULL,
  `hora_inicio` time NOT NULL,
  `hora_finalizacion` time NOT NULL,
  PRIMARY KEY (`id`),
  KEY `FK1_espa_acad` (`id_esp_academico`),
  CONSTRAINT `FK1_espa_acad` FOREIGN KEY (`id_esp_academico`) REFERENCES `espacios_academicos` (`id`)
) ENGINE=InnoDB AUTO_INCREMENT=7 DEFAULT CHARSET=utf8;

-- Volcando datos para la tabla control asistencia.sesiones: ~3 rows (aproximadamente)
/*!40000 ALTER TABLE `sesiones` DISABLE KEYS */;
INSERT INTO `sesiones` (`id`, `id_esp_academico`, `fecha`, `hora_inicio`, `hora_finalizacion`) VALUES
	(1, 1, '2021-06-03', '18:30:00', '21:00:00'),
	(2, 2, '2021-06-04', '21:30:00', '22:30:00'),
	(3, 3, '2021-06-05', '18:30:00', '21:30:00'),
	(6, 1, '2021-01-01', '11:11:11', '12:12:12');
/*!40000 ALTER TABLE `sesiones` ENABLE KEYS */;

-- Volcando estructura para tabla control asistencia.sesiones_estudiantes
CREATE TABLE IF NOT EXISTS `sesiones_estudiantes` (
  `id` int(10) unsigned NOT NULL AUTO_INCREMENT,
  `id_sesion` int(10) unsigned NOT NULL,
  `id_estudiante` int(10) unsigned NOT NULL,
  `asistencia` tinyint(1) unsigned NOT NULL DEFAULT 0,
  PRIMARY KEY (`id`),
  KEY `FK1_sesion` (`id_sesion`),
  KEY `FK2_estudiante` (`id_estudiante`),
  CONSTRAINT `FK1_sesion` FOREIGN KEY (`id_sesion`) REFERENCES `sesiones` (`id`),
  CONSTRAINT `FK2_estudiante` FOREIGN KEY (`id_estudiante`) REFERENCES `estudiantes` (`id`)
) ENGINE=InnoDB AUTO_INCREMENT=161 DEFAULT CHARSET=utf8;

-- Volcando datos para la tabla control asistencia.sesiones_estudiantes: ~119 rows (aproximadamente)
/*!40000 ALTER TABLE `sesiones_estudiantes` DISABLE KEYS */;
INSERT INTO `sesiones_estudiantes` (`id`, `id_sesion`, `id_estudiante`, `asistencia`) VALUES
	(1, 1, 24, 1),
	(2, 1, 39, 1),
	(3, 1, 25, 1),
	(4, 1, 8, 1),
	(5, 1, 40, 1),
	(6, 1, 44, 1),
	(7, 1, 7, 1),
	(8, 1, 10, 1),
	(9, 1, 41, 1),
	(10, 1, 32, 1),
	(11, 1, 43, 1),
	(12, 1, 18, 1),
	(13, 1, 31, 1),
	(14, 1, 38, 1),
	(15, 1, 46, 1),
	(16, 1, 37, 1),
	(17, 1, 34, 1),
	(18, 1, 20, 1),
	(19, 1, 42, 1),
	(20, 1, 29, 1),
	(21, 1, 22, 1),
	(22, 1, 9, 1),
	(23, 1, 33, 1),
	(24, 1, 30, 1),
	(25, 1, 16, 1),
	(26, 1, 28, 1),
	(27, 1, 35, 1),
	(28, 1, 23, 1),
	(29, 1, 27, 1),
	(30, 1, 17, 1),
	(31, 1, 13, 1),
	(32, 1, 45, 1),
	(33, 1, 19, 1),
	(34, 1, 14, 1),
	(35, 1, 21, 1),
	(36, 1, 12, 1),
	(37, 1, 15, 1),
	(38, 1, 36, 1),
	(39, 1, 26, 1),
	(40, 1, 11, 1),
	(41, 2, 7, 1),
	(42, 2, 8, 1),
	(43, 2, 9, 1),
	(44, 2, 10, 1),
	(45, 2, 11, 1),
	(46, 2, 12, 1),
	(47, 2, 13, 1),
	(48, 2, 14, 1),
	(49, 2, 15, 1),
	(50, 2, 16, 1),
	(51, 2, 17, 1),
	(52, 2, 18, 1),
	(53, 2, 19, 1),
	(54, 2, 20, 1),
	(55, 2, 21, 1),
	(56, 2, 22, 1),
	(57, 2, 23, 1),
	(58, 2, 24, 1),
	(59, 2, 25, 1),
	(60, 2, 26, 1),
	(61, 3, 15, 1),
	(62, 3, 17, 1),
	(63, 3, 19, 1),
	(64, 3, 21, 1),
	(65, 3, 23, 1),
	(66, 3, 25, 1),
	(67, 3, 27, 1),
	(68, 3, 29, 1),
	(69, 3, 31, 1),
	(70, 3, 33, 1),
	(71, 2, 27, 0),
	(72, 2, 28, 0),
	(73, 2, 29, 0),
	(74, 2, 30, 0),
	(75, 2, 31, 0),
	(76, 2, 32, 0),
	(77, 2, 33, 0),
	(78, 2, 34, 0),
	(79, 2, 35, 0),
	(80, 2, 36, 0),
	(81, 2, 37, 0),
	(82, 2, 38, 0),
	(83, 2, 39, 0),
	(84, 2, 40, 0),
	(85, 2, 41, 0),
	(86, 2, 42, 0),
	(87, 2, 43, 0),
	(88, 2, 44, 0),
	(89, 2, 45, 0),
	(90, 2, 46, 0),
	(91, 3, 7, 0),
	(92, 3, 8, 0),
	(93, 3, 9, 0),
	(94, 3, 10, 0),
	(95, 3, 11, 0),
	(96, 3, 12, 0),
	(97, 3, 13, 0),
	(98, 3, 14, 0),
	(99, 3, 16, 0),
	(100, 3, 18, 0),
	(101, 3, 20, 0),
	(102, 3, 22, 0),
	(103, 3, 24, 0),
	(104, 3, 26, 0),
	(105, 3, 28, 0),
	(106, 3, 32, 0),
	(107, 3, 34, 0),
	(108, 3, 35, 0),
	(109, 3, 36, 0),
	(110, 3, 37, 0),
	(111, 3, 38, 0),
	(112, 3, 39, 0),
	(113, 3, 40, 0),
	(114, 3, 41, 0),
	(115, 3, 42, 0),
	(116, 3, 43, 0),
	(117, 3, 44, 0),
	(118, 3, 45, 0),
	(119, 3, 46, 0),
	(121, 6, 7, 1),
	(122, 6, 8, 0),
	(123, 6, 9, 0),
	(124, 6, 10, 0),
	(125, 6, 11, 0),
	(126, 6, 12, 0),
	(127, 6, 13, 0),
	(128, 6, 14, 0),
	(129, 6, 15, 0),
	(130, 6, 16, 0),
	(131, 6, 17, 0),
	(132, 6, 18, 0),
	(133, 6, 19, 0),
	(134, 6, 20, 0),
	(135, 6, 21, 0),
	(136, 6, 22, 0),
	(137, 6, 23, 0),
	(138, 6, 24, 0),
	(139, 6, 25, 0),
	(140, 6, 26, 0),
	(141, 6, 27, 0),
	(142, 6, 28, 0),
	(143, 6, 29, 0),
	(144, 6, 30, 0),
	(145, 6, 31, 0),
	(146, 6, 32, 0),
	(147, 6, 33, 0),
	(148, 6, 34, 0),
	(149, 6, 35, 0),
	(150, 6, 36, 0),
	(151, 6, 37, 0),
	(152, 6, 38, 0),
	(153, 6, 39, 0),
	(154, 6, 40, 0),
	(155, 6, 41, 0),
	(156, 6, 42, 0),
	(157, 6, 43, 0),
	(158, 6, 44, 0),
	(159, 6, 45, 0),
	(160, 6, 46, 0);
/*!40000 ALTER TABLE `sesiones_estudiantes` ENABLE KEYS */;

/*!40101 SET SQL_MODE=IFNULL(@OLD_SQL_MODE, '') */;
/*!40014 SET FOREIGN_KEY_CHECKS=IF(@OLD_FOREIGN_KEY_CHECKS IS NULL, 1, @OLD_FOREIGN_KEY_CHECKS) */;
/*!40101 SET CHARACTER_SET_CLIENT=@OLD_CHARACTER_SET_CLIENT */;
